Worker ID,Problem,Answer,MM1,MM2,MM3,MM4,MM5,Subjective Difficulty,Objective Difficutly,Class,group_number
0d4M8n7RA,SOKOMM,MM3,0.0,0.05,0.75,0.2,0.0,6,6,Solver,79
0f3I6a0RA,SOKOMM,MM4,0.0,0.1,0.4,0.4,0.1,10,10,Non-Solver,79
0I8c7G9EA,SOKOMM,MM4,0.04,0.08,0.8,0.06,0.02,8,9,Non-Solver,79
0J1l2A6RA,SOKOMM,MM5,0.0,0.3,0.5,0.2,0.0,9,9,Non-Solver,79
0u5E2D3WA,SOKOMM,MM4,0.05,0.3,0.5,0.1,0.05,10,10,Non-Solver,79
1G1x3J1pA,SOKOMM,MM3,0.0,0.05,0.5,0.3,0.15,8,7,Solver,79
1q7I3h0rA,SOKOMM,MM3,0.1,0.7,0.1,0.1,0.0,10,6,Solver,79
1T1U4P6mA,SOKOMM,MM2,0.1,0.3,0.4,0.1,0.1,8,6,Non-Solver,79
2N4t6G6sA,SOKOMM,MM3,0.0,0.1,0.8,0.1,0.0,10,10,Solver,79
2p2z3A0zA,SOKOMM,MM4,0.0,0.0,0.2,0.8,0.0,7,9,Non-Solver,79
2p3c6s8CA,SOKOMM,MM4,0.05,0.1,0.1,0.25,0.5,7,6,Non-Solver,79
2Q0A5r8dA,SOKOMM,MM2,0.03,0.6,0.35,0.01,0.01,2,2,Non-Solver,79
2q9I6W6qA,SOKOMM,MM3,0.1,0.2,0.1,0.3,0.3,10,7,Solver,79
2U6v9I8wA,SOKOMM,MM2,0.05,0.1,0.35,0.35,0.15,8,7,Non-Solver,79
2V4a9k6xA,SOKOMM,MM4,0.0,0.0,0.0,1.0,0.0,10,10,Non-Solver,79
3b7s4m3MA,SOKOMM,MM1,0.4,0.2,0.15,0.15,0.1,2,2,Non-Solver,79
3D2e2a8zA,SOKOMM,MM2,0.04,0.6,0.2,0.13,0.03,10,10,Non-Solver,79
3E3T4B9zA,SOKOMM,MM4,0.0,0.2,0.7,0.1,0.0,10,10,Non-Solver,79
3i8g0v8jA,SOKOMM,MM3,0.0,0.15,0.1,0.45,0.3,10,10,Solver,79
3K7p2H1LA,SOKOMM,MM4,0.1,0.2,0.5,0.1,0.1,8,10,Non-Solver,79
3l3p0e8OA,SOKOMM,MM4,0.0,0.1,0.4,0.5,0.0,8,8,Non-Solver,79
3m2u8i3WA,SOKOMM,MM5,0.1,0.1,0.1,0.4,0.3,10,10,Non-Solver,79
3M4M7J5PA,SOKOMM,MM3,0.1,0.2,0.5,0.2,0.1,9,7,Solver,79
3w5V8K3rA,SOKOMM,MM3,0.0,0.2,0.7,0.1,0.0,10,10,Solver,79
3x3U2s8jA,SOKOMM,MM4,0.0,0.0,0.0,0.8,0.2,8,5,Non-Solver,79
4a7u2u4JA,SOKOMM,MM3,0.2,0.1,0.3,0.2,0.2,6,6,Solver,79
4G8M3K4PA,SOKOMM,MM3,0.0,0.3,0.6,0.1,0.0,5,6,Solver,79
4j6Q7y7UA,SOKOMM,MM4,0.1,0.3,0.2,0.2,0.2,10,6,Non-Solver,79
4n9J6i0rA,SOKOMM,MM3,0.0,0.2,0.5,0.25,0.05,10,9,Solver,79
4r6p5l1RA,SOKOMM,MM4,0.0,0.0,0.0,0.4,0.6,8,8,Non-Solver,79
5b8N4l3DA,SOKOMM,MM4,0.0,0.0,0.4,0.6,0.0,8,10,Non-Solver,80
5o6A2P4pA,SOKOMM,MM3,0.0,0.02,0.8,0.1,0.08,5,5,Solver,80
5q8V1F1CA,SOKOMM,MM3,0.0,0.4,0.5,0.1,0.0,7,6,Solver,80
5s4t9G2KA,SOKOMM,MM3,0.0,0.25,0.75,0.0,0.0,8,7,Solver,80
5S7d2U0KA,SOKOMM,MM3,0.05,0.1,0.6,0.1,0.15,9,9,Solver,80
5T7W2L0rA,SOKOMM,MM4,0.0,0.2,0.7,0.1,0.0,7,7,Non-Solver,80
5W8p9y5xA,SOKOMM,MM3,0.05,0.2,0.5,0.2,0.05,5,5,Solver,80
5x3s1s5jA,SOKOMM,MM3,0.1,0.2,0.2,0.2,0.1,8,5,Solver,80
6d3H1k4TA,SOKOMM,MM2,0.25,0.25,0.2,0.2,0.1,9,7,Non-Solver,80
6e1y2T7sA,SOKOMM,MM3,0.0,0.1,0.8,0.1,0.0,6,9,Solver,80
6G4A6Q8dA,SOKOMM,MM4,0.05,0.1,0.6,0.2,0.05,10,8,Non-Solver,80
6m1u7I8rA,SOKOMM,MM4,0.0,0.0,0.4,0.6,0.0,9,9,Non-Solver,80
6w7f9W4lA,SOKOMM,MM4,0.0,0.0,0.8,0.2,0.0,10,10,Non-Solver,80
7a1c4m5yA,SOKOMM,MM2,0.0,0.3,0.7,0.0,0.0,8,7,Non-Solver,80
7h3i0l1TA,SOKOMM,MM4,0.0,0.4,0.6,0.0,0.0,6,9,Non-Solver,80
7I0Q5S9MA,SOKOMM,MM3,0.0,0.0,0.25,0.5,0.25,8,10,Solver,80
7V9r2o0wA,SOKOMM,MM4,0.0,0.0,0.6,0.4,0.0,9,9,Non-Solver,80
7y5Q0H9kA,SOKOMM,MM4,0.0,0.2,0.6,0.2,0.0,8,8,Non-Solver,80
7z5I5J9uA,SOKOMM,MM3,0.1,0.3,0.4,0.15,0.05,7,6,Solver,80
8g1R6j5SA,SOKOMM,MM3,0.02,0.2,0.68,0.1,0.0,5,4,Solver,80
8h8W3a2xA,SOKOMM,MM4,0.0,0.0,0.0,1.0,0.0,5,5,Non-Solver,80
8I8L0H8FA,SOKOMM,MM3,0.05,0.2,0.5,0.2,0.05,7,5,Solver,80
8K2O8F0mA,SOKOMM,MM4,0.25,0.2,0.15,0.3,0.1,4,5,Non-Solver,80
8N0d4c1CA,SOKOMM,MM4,0.1,0.5,0.2,0.1,0.1,7,7,Non-Solver,80
8N2G3F4qA,SOKOMM,MM3,0.0,0.0,0.7,0.2,0.1,5,5,Solver,80
8R0F4z2qA,SOKOMM,MM3,0.0,0.2,0.7,0.05,0.05,10,10,Solver,80
8T8K5b4WA,SOKOMM,MM4,0.5,0.3,0.2,0.0,0.0,10,10,Non-Solver,80
9A5x2H4OA,SOKOMM,MM4,0.0,0.0,0.1,0.3,0.6,5,5,Non-Solver,80
9B6A4L4kA,SOKOMM,MM3,0.1,0.2,0.5,0.1,0.1,7,5,Solver,80
9g2F0C6bA,SOKOMM,MM4,0.0,0.0,0.0,1.0,0.0,9,8,Non-Solver,80
9k7E9M9MA,SOKOMM,MM3,0.0,0.2,0.5,0.2,0.1,2,4,Solver,80
9l0Q7V6uA,SOKOMM,MM4,0.0,0.0,0.2,0.2,0.6,10,10,Non-Solver,80
9t8H3y5nA,SOKOMM,MM4,0.05,0.1,0.5,0.25,0.1,5,5,Non-Solver,80
9W6B0U8CA,SOKOMM,MM5,0.0,0.0,0.0,1.0,0.0,9,8,Non-Solver,80
9W9O3l3hA,SOKOMM,MM3,0.0,0.0,0.75,0.2,0.05,7,7,Solver,80
